Dataperm,Test_acc
12,0.6834782608695652
18,0.6721739130434783
3,0.6373913043478261
10,0.6695652173913044
8,0.6756521739130434
14,0.6669565217391304
19,0.6669565217391304
16,0.6643478260869565
13,0.6878260869565217
11,0.6478260869565218
5,0.6782608695652174
15,0.6565217391304348
6,0.6826086956521739
4,0.6643478260869565
9,0.6773913043478261
1,0.6634782608695652
7,0.6591304347826087
0,0.6573913043478261
17,0.6860869565217391
2,0.6347826086956522
