Dataperm,Test_acc
6,0.7413249211356467
13,0.6796407185628742
10,0.6873065015479877
5,0.6428571428571429
3,0.6855345911949685
8,0.6918604651162791
1,0.7254335260115607
0,0.67828418230563
17,0.6984615384615385
12,0.6676300578034682
7,0.7021276595744681
14,0.6802507836990596
2,0.723404255319149
11,0.6948356807511737
9,0.6893491124260355
18,0.7373417721518988
4,0.6517857142857143
15,0.6597014925373135
19,0.7098591549295775
16,0.7043478260869566
