h1units,h2units,batch,train_acc,test_acc,Discriminating-points
16,12,50,0.75,0.715,15078
16,8,50,0.73625,0.735,15677
16,12,100,0.7475,0.715,15374
16,8,100,0.74625,0.72,13800
24,8,50,0.73,0.725,13941
24,8,100,0.7475,0.725,11967
24,12,50,0.72,0.715,12832
24,12,100,0.7475,0.72,13543
32,8,50,0.72875,0.73,13870
32,12,50,0.7225,0.685,9006
32,8,100,0.74625,0.71,12757
32,12,100,0.745,0.715,13280
