Train-Acc,Test-Acc,perm,Discriminating-points
0.39,0.4,0,11788
0.39,0.4,1,12225
0.38,0.44,2,10547
0.375,0.46,3,11843
0.3925,0.39,4,10374
0.38,0.44,5,13615
0.39375,0.385,6,14268
0.39,0.4,7,10977
0.39125,0.395,8,11091
0.68875,0.64,9,8576
0.39375,0.385,10,11241
0.3925,0.39,11,12537
0.39375,0.385,12,13771
0.395,0.395,13,10966
0.3825,0.43,14,9863
0.38875,0.405,15,11741
0.39,0.4,16,14685
0.3975,0.37,17,12829
0.39,0.4,18,14143
0.39875,0.365,19,12673
